2023-06-15 21:39:38,,,,,,,,,,,,,,,,,,,,,,,,,,,,PHP 8.2.5 Development Server,,/mnt/c/Users/1/Desktop/RYNO-GO/.www
2023-06-15 21:39:47,,,,[]
2023-06-15 21:40:57,,,,[]
2023-06-15 21:41:13,,,,[]
2023-06-15 21:41:14,,,,,,,,,,,,,,,,,,,,,,,,,,,,PHP 8.2.5 Development Server,,/mnt/c/Users/1/Desktop/RYNO-GO/.www
2023-06-15 21:41:16,,,,,,,,,,,,,,,,,,,,,,,,,,,,PHP 8.2.5 Development Server,,/mnt/c/Users/1/Desktop/RYNO-GO/.www
2023-06-15 21:41:50,,,,,,,,,,,,,,,,,,,,,,,,,,,,PHP 8.2.5 Development Server,,/mnt/c/Users/1/Desktop/RYNO-GO/.www
2023-06-15 21:41:53,,,,[]
2023-06-15 21:42:00,,,,[]
2023-06-15 21:42:36,,,,,,,,,,,,,,,,,,,,,,,,,,,,PHP 8.2.5 Development Server,,/mnt/c/Users/1/Desktop/RYNO-GO/.www
2023-06-15 21:42:37,,,,,,,,,,,,,,,,,,,,,,,,,,,,PHP 8.2.5 Development Server,,/mnt/c/Users/1/Desktop/RYNO-GO/.www
2023-06-15 21:42:41,,,,,,,,,,,,,,,,,,,,,,,,,,,,PHP 8.2.5 Development Server,,/mnt/c/Users/1/Desktop/RYNO-GO/.www
2023-06-15 21:42:45,,,,,,,,,,,,,,,,,,,,,,,,,,,,PHP 8.2.5 Development Server,,/mnt/c/Users/1/Desktop/RYNO-GO/.www
2023-06-15 21:42:45,,,,,,,,,,,,,,,,,,,,,,,,,,,,PHP 8.2.5 Development Server,,/mnt/c/Users/1/Desktop/RYNO-GO/.www
2023-06-15 21:48:45,,,,,,,,,,,,,,,,,,,,,,,,,,,,PHP 8.2.5 Development Server,,/mnt/c/Users/1/Desktop/RYNO-GO/.www
2023-06-15 21:51:01,,,,,,,,,,,,,,,,,,,,,,,,,,,,PHP 8.2.5 Development Server,,/mnt/c/Users/1/Desktop/RYNO-GO/.www
2023-06-15 22:15:49,127.0.0.1,block_deceptive=1; PHPSESSID=5gb9g5epja9iktp476cvvq62kp,
2023-06-15 22:20:48,127.0.0.1,block_deceptive=1; PHPSESSID=5gb9g5epja9iktp476cvvq62kp,
2023-06-15 22:21:05,127.0.0.1,block_deceptive=1; PHPSESSID=5gb9g5epja9iktp476cvvq62kp,
2023-06-15 22:22:22,127.0.0.1,block_deceptive=1; PHPSESSID=5gb9g5epja9iktp476cvvq62kp,
